User Equipment ID,X Position,Y Position,Sim Code,Trajectory
1,51.85110214903213,71.18507930822943,8etL4tLc7F,"[(45.36364283217665, 54.53077677022059, 2), (59.03825032136897, 74.25829222068859, 2), (51.85110214903213, 71.18507930822943, 2)]"
2,63.197054662151764,74.75560118208999,usBCTW8IWT,"[(55.577650803301694, 44.381247825166085, 3), (57.14942132658064, 58.50071113628687, 3), (54.50890622662409, 57.01517874661597, 3), (63.197054662151764, 74.75560118208999, 3)]"
