User Equipment ID,X Position,Y Position,Sim Code,Trajectory
1,34.50178463980559,17.456881602025973,qLITT99Fbv,"[(36.053615429447255, 36.278243485946994, 0), (24.023124939534874, 33.45339863257924, 0), (34.50178463980559, 17.456881602025973, 0)]"
2,25.796456990311174,54.62899947558882,vfMLYLesWp,"[(56.9383719157848, 61.348048321727205, 3), (60.9613500421652, 48.00502345975873, 3), (42.80405792386129, 40.36706931457893, 3), (25.796456990311174, 54.62899947558882, 3)]"
