User Equipment ID,X Position,Y Position,Sim Code,Trajectory
1,42.32342096731418,63.3106075498462,MPUxfAV1nf,"[(55.256128486351855, 49.618292064100785, 1), (46.243016884584335, 59.72555478250176, 1), (42.32342096731418, 63.3106075498462, 1)]"
2,27.216242374679517,62.04015986136454,MCIdmX6KFC,"[(38.98562525651735, 63.70643306626353, 1), (56.37709373496167, 48.51726953904485, 2), (41.73784413468704, 43.5106414447178, 1), (27.216242374679517, 62.04015986136454, 1)]"
